city,hotel,user_rating,text,landmarks,predicted_label,confidence,true_label,correct,is_augmented
Москва,Отель Марриотт Империал Плаза,10,"Роскошь в каждой детали. Интерьеры в стиле ар-деко впечатляют. Завтраки — одни из лучших в Москве, огромный выбор деликатесов. Сервис безупречен.","Кремль, Красная площадь",1,0.8402063846588135,1,True,
Москва,Отель Марриотт Империал Плаза,8,"Отель великолепный, но локация специфическая — рядом три вокзала, что накладывает отпечаток на контингент вокруг здания.","Кремль, Красная площадь",1,0.8137547373771667,1,True,
Москва,Sheraton Skypoint Luxe,9,"Идеально для транзита. Близко к Шереметьево, есть бесплатный трансфер. Спа-зона отличная, помогает расслабиться после перелета.","Кремль, Красная площадь",1,0.8028882145881653,1,True,
Москва,Sheraton Skypoint Luxe,7,"В номере было шумновато от взлетающих самолетов, несмотря на стеклопакеты. Еда в ресторане вкусная, но дорогая.","Кремль, Красная площадь",1,0.5826197862625122,0,False,
Москва,Звезды Арбата,10,"Жили в апартаментах. Удобно, что есть своя кухня, но при этом сервис пятизвездочного отеля. Расположение на Новом Арбате — в центре всех событий.","Кремль, Красная площадь",1,0.8194767236709595,1,True,
Москва,Звезды Арбата,9,"Всё на высоте, но парковка для гостей платная и стоит довольно дорого даже при проживании.","Кремль, Красная площадь",1,0.7153305411338806,1,True,
Москва,The Rooms Boutique Hotel,10,"Очень стильные и просторные номера. Необычный дизайн, вежливый персонал. В номере была даже кофемашина и хорошая акустическая система.","Кремль, Красная площадь",1,0.8248306512832642,1,True,
Москва,The Rooms Boutique Hotel,8,"Завтраки по меню, а не шведский стол, что не всегда удобно, если торопишься. До метро нужно немного пройтись.","Кремль, Красная площадь",1,0.576503574848175,1,True,
Москва,Отель в Центре Гимнастики Ирины Винер-Усмановой,10,"Новый современный отель. Очень чисто, спортивная атмосфера. Для тех, кто приехал на соревнования или сборы — идеальный вариант.","Кремль, Красная площадь",1,0.8636810779571533,1,True,
Москва,Отель в Центре Гимнастики Ирины Винер-Усмановой,8,"Находится в Новогорске, до центра Москвы добираться долго. Инфраструктура заточена под спортсменов.","Кремль, Красная площадь",1,0.6328076720237732,1,True,
Москва,Отель Садовое кольцо,9,"Классический особняк. Очень уютная спа-зона с бассейном и банями. В номере тепло, тихо и комфортно.","Кремль, Красная площадь",1,0.8566339612007141,1,True,
Москва,Отель Садовое кольцо,6,"Мебель уже немного уставшая, в классическом стиле, который требует обновления. Завтрак средний.","Кремль, Красная площадь",1,0.623001217842102,0,False,
Москва,Отель Петр I,9,"Превосходное расположение рядом с Большим театром. Очень вежливый персонал, классические интерьеры. Хороший бассейн.","Кремль, Красная площадь",1,0.8684085607528687,1,True,
Москва,Отель Петр I,7,"Сложная система кондиционирования, в номере было либо слишком жарко, либо дуло холодным воздухом.","Кремль, Красная площадь",1,0.6182445287704468,0,False,
Москва,Балчуг Кемпински Москва,10,Вид на Кремль и Собор Василия Блаженного из окна — это бесценно. Легендарный отель с высочайшим уровнем сервиса. Завтраки — эталон качества.,"Кремль, Красная площадь",1,0.8263847231864929,1,True,
Москва,Балчуг Кемпински Москва,8,"Интерьеры в стиле 'старой роскоши', кому-то может показаться старомодным. Но статус чувствуется во всем.","Кремль, Красная площадь",1,0.7161667943000793,1,True,
Москва,Maidens Hotel,9,"Маленький и очень уютный бутик-отель. Тихий переулок в центре. Персонал знает гостей по именам, очень персональный подход.","Кремль, Красная площадь",1,0.8445356488227844,1,True,
Москва,Maidens Hotel,10,"Тишина, чистота и комфорт. Дизайн очень сдержанный и приятный.","Кремль, Красная площадь",1,0.8421184420585632,1,True,
Москва,Бутик-Отель MYS,10,Очень инстаграмное место. Эстетика в каждой детали. Расположение в районе Кривоколенного переулка — идеальное место для прогулок по кафе и барам.,"Кремль, Красная площадь",1,0.8384703993797302,1,True,
Москва,Бутик-Отель MYS,9,"Номера небольшие, но очень функциональные. Идеально для пар или одиночных путешественников.","Кремль, Красная площадь",1,0.7474899888038635,1,True,
Москва,Movenpick Москва,10,"Шоколадный час в лобби — это фишка отеля! Очень современный дизайн, удобные кровати. Расположение на Таганке очень удобное.","Кремль, Красная площадь",1,0.866145670413971,1,True,
Москва,Movenpick Москва,9,Стеклянная стена в ванную — смелое решение. Всё очень технологично и чисто.,"Кремль, Красная площадь",1,0.8193568587303162,1,True,
Москва,Теплеево Резорт,9,"Отличный загородный отдых недалеко от Москвы. Красивая территория, свежий воздух, баня. Хорошее место для перезагрузки.","Кремль, Красная площадь",1,0.8553429245948792,1,True,
Москва,Теплеево Резорт,7,"Дорога до отеля местами плохая. Сервис в ресторане иногда медленный, когда много гостей.","Кремль, Красная площадь",0,0.4943543076515198,0,True,
Москва,Отель Рихтер,10,"Это не просто отель, а арт-пространство. Уникальные номера, виниловый проигрыватель, сад во дворе. Очень вдохновляющая атмосфера.","Кремль, Красная площадь",1,0.7764982581138611,1,True,
Москва,Отель Рихтер,8,"Здесь нет телевизоров и привычного отельного лоска. Это место для тех, кто ценит искусство и концептуальность.","Кремль, Красная площадь",1,0.688023030757904,1,True,
Москва,Mamaison All-Suites Spa Hotel Pokrovka,10,Огромные номера-люксы. Очень хороший спа-комплекс. Тихий двор на Покровке. Ощущение полной приватности и комфорта.,"Кремль, Красная площадь",1,0.8481743335723877,1,True,
Москва,Mamaison All-Suites Spa Hotel Pokrovka,9,"Интерьер немного специфический (яркие цвета), но качество мебели и матрасов на высоте.","Кремль, Красная площадь",1,0.7711159586906433,1,True,
Москва,Лотте Отель,10,Безапелляционно лучший сервис в Москве. Самый большой выбор на завтраке. Спа Mandara — это космос. Номера в идеальном состоянии.,"Кремль, Красная площадь",1,0.8431378602981567,1,True,
Москва,Лотте Отель,9,"Ценник высокий, но за такой уровень комфорта и внимания к гостю это абсолютно оправдано.","Кремль, Красная площадь",1,0.7836442589759827,1,True,
Санкт-Петербург,Mercure Hotel and Residences Saint Petersburg,10,Прекрасное сочетание современного стиля и комфорта. Очень удобные апартаменты для длительного проживания. Завтраки в формате шведского стола очень разнообразные.,"Эрмитаж, Исаакиевский собор",1,0.8673915863037109,1,True,
Санкт-Петербург,Mercure Hotel and Residences Saint Petersburg,8,"Расположение удобное, но в часы пик на улице бывает шумно. В остальном — сервис на твердую пятерку.","Эрмитаж, Исаакиевский собор",1,0.7269666790962219,1,True,
Санкт-Петербург,Курорт Первая линия. Health Care Resort,10,"Уникальное место для тех, кто заботится о здоровье. Инновационный подход к медицине и отдыху. Вид на Финский залив и сосны — это лучшее лекарство от стресса.","Эрмитаж, Исаакиевский собор",1,0.8426797389984131,1,True,
Санкт-Петербург,Курорт Первая линия. Health Care Resort,9,"Очень строгий регламент питания и процедур, но результат того стоит. Цена высокая, но оправдана качеством.","Эрмитаж, Исаакиевский собор",1,0.7816091179847717,1,True,
Санкт-Петербург,Лотте Отель Санкт-Петербург,10,Безупречно всё: от встречи на входе до качества постельного белья. Вид на Исаакиевскую площадь из ресторана на крыше просто завораживает. Лучший сервис в городе.,"Эрмитаж, Исаакиевский собор",1,0.7792370915412903,1,True,
Санкт-Петербург,Лотте Отель Санкт-Петербург,9,"Роскошь в корейском стиле. Всё очень технологично, но иногда система управления номером кажется слишком сложной.","Эрмитаж, Исаакиевский собор",1,0.6730493307113647,1,True,
Санкт-Петербург,Отель Ренартисс Исаакий,9,"Уютный и стильный отель в самом сердце города. До Исаакиевского собора буквально пара шагов. Номера чистые, персонал очень внимательный.","Эрмитаж, Исаакиевский собор",1,0.8546835780143738,1,True,
Санкт-Петербург,Отель Ренартисс Исаакий,7,"Завтраки могли бы быть более разнообразными для такого уровня. Шумоизоляция окон хорошая, но шум улицы всё равно иногда пробивается.","Эрмитаж, Исаакиевский собор",1,0.5099769830703735,0,False,
Санкт-Петербург,Tsar Palace Luxury Hotel & SPA,10,"Настоящий дворец в Пушкине. Интерьеры поражают богатством, а спа-комплекс — один из лучших, где я был. Ощущаешь себя особой королевской крови.","Эрмитаж, Исаакиевский собор",1,0.8168460130691528,1,True,
Санкт-Петербург,Tsar Palace Luxury Hotel & SPA,8,"Находится в пригороде, до центра Петербурга ехать минимум 40 минут. Идеально для спокойного отдыха, но не для бизнес-поездок.","Эрмитаж, Исаакиевский собор",1,0.6144033074378967,1,True,
Санкт-Петербург,Гостиница Wawelberg,10,"Фантастическое сочетание истории и технологий. Световые шоу в холле, невероятная акустика в номерах и безупречный дизайн. Это отель-впечатление.","Эрмитаж, Исаакиевский собор",1,0.8430746793746948,1,True,
Санкт-Петербург,Гостиница Wawelberg,9,"Очень дорого, но это стоит каждой копейки. Завтраки по меню — это кулинарное искусство.","Эрмитаж, Исаакиевский собор",1,0.7384732365608215,1,True,
Санкт-Петербург,Петро Палас Отель,9,"Расположение — главный плюс. Все основные достопримечательности в пешей доступности. Номера чистые, кровати удобные, есть бассейн.","Эрмитаж, Исаакиевский собор",1,0.8439447283744812,1,True,
Санкт-Петербург,Петро Палас Отель,7,"Интерьер немного классический и местами требует обновления. Завтрак хороший, но в зале бывает тесновато.","Эрмитаж, Исаакиевский собор",1,0.6227511167526245,0,False,
Санкт-Петербург,Отель ГАММА Санкт-Петербург,10,Потрясающий бутик-отель в лофт-стиле. Очень уютный внутренний дворик с рестораном. В номерах продуман каждый аксессуар. Очень вежливый персонал.,"Эрмитаж, Исаакиевский собор",1,0.8768168091773987,1,True,
Санкт-Петербург,Отель ГАММА Санкт-Петербург,8,"Находится в южной части центра, до Эрмитажа нужно ехать. Но сам отель настолько хорош, что это не смущает.","Эрмитаж, Исаакиевский собор",1,0.6257503628730774,1,True,
Санкт-Петербург,Отель Коринтия,10,"Классический гранд-отель на Невском проспекте. Очень представительно, идеально для деловых встреч. Завтраки очень качественные.","Эрмитаж, Исаакиевский собор",1,0.8678637742996216,1,True,
Санкт-Петербург,Отель Коринтия,6,"Из-за того что отель большой, иногда теряется индивидуальный подход. В коридорах было душно, кондиционер в номере работал шумно.","Эрмитаж, Исаакиевский собор",1,0.5270126461982727,0,False,
Санкт-Петербург,Загородный отель Золотой Ручей,9,Тихое место в лесной зоне Сестрорецка. Бассейн и сауна включены в стоимость. Хорошее место для семейного отдыха в выходные.,"Эрмитаж, Исаакиевский собор",1,0.817065954208374,1,True,
Санкт-Петербург,Загородный отель Золотой Ручей,5,Сервис иногда оставляет желать лучшего. Ждали чистые полотенца полдня. Ресторан закрывается рано.,"Эрмитаж, Исаакиевский собор",1,0.6121285557746887,0,False,
Санкт-Петербург,Гранд Отель Мойка 22,10,Традиции и аристократизм. Вид на Дворцовую площадь и Эрмитаж. Подача завтрака на террасе — это воспоминание на всю жизнь.,"Эрмитаж, Исаакиевский собор",1,0.7880239486694336,1,True,
Санкт-Петербург,Гранд Отель Мойка 22,8,"Номера небольшие, так как здание историческое. Обслуживание очень официальное, иногда хочется чуть больше душевности.","Эрмитаж, Исаакиевский собор",1,0.6709203124046326,1,True,
Санкт-Петербург,Отель Гельвеция,10,Легендарный двор-колодец и невероятная атмосфера. Здесь чувствуешь себя как дома. Ресторан 'Мариус' работает круглосуточно и там всегда вкусно.,"Эрмитаж, Исаакиевский собор",1,0.8113501071929932,1,True,
Санкт-Петербург,Отель Гельвеция,10,Персонал помнит твои предпочтения. Лучший отель по уровню гостеприимства в Петербурге.,"Эрмитаж, Исаакиевский собор",1,0.7931672930717468,1,True,
Санкт-Петербург,Отель Дворец Трезини,9,"Музей, а не отель. Каждая деталь интерьера — антиквариат. Вид на Неву и Университетскую набережную прекрасен.","Эрмитаж, Исаакиевский собор",1,0.7835119366645813,1,True,
Санкт-Петербург,Отель Дворец Трезини,6,"В номере было прохладно из-за старых оконных рам (хотя они отреставрированы). Завтрак подают в номер, но выбор ограничен.","Эрмитаж, Исаакиевский собор",1,0.5638067126274109,0,False,
Санкт-Петербург,Отель МАЦ Гармония,9,"Приятный отель с акцентом на тишину и спокойствие. Номера в светлых тонах, чисто, уютно. Персонал очень деликатный.","Эрмитаж, Исаакиевский собор",1,0.8642030954360962,1,True,
Санкт-Петербург,Отель МАЦ Гармония,8,"Находится в тихом районе, до метро нужно пройтись минут 15. Завтраки домашние и вкусные.","Эрмитаж, Исаакиевский собор",1,0.7025952339172363,1,True,
Санкт-Петербург,SO/ St. Petersburg,10,"Модно, ярко, молодежно. Потрясающие вечеринки на крыше (HI-SO) с видом на Исаакий. Дизайн номеров очень дерзкий и современный.","Эрмитаж, Исаакиевский собор",1,0.8275856971740723,1,True,
Санкт-Петербург,SO/ St. Petersburg,7,"Если вы ищете тишины, этот отель не для вас. Музыка в лобби и на крыше может мешать отдыхать вечером.","Эрмитаж, Исаакиевский собор",1,0.5358651876449585,0,False,
Казань,Отель Корстон Роял Казань,10,"Отель-город! Понравилось, что всё в одном здании: рестораны, кинотеатр, магазины. Завтраки на 25 этаже с видом на всю Казань — это незабываемо.",Казанский Кремль,1,0.8197143077850342,1,True,
Казань,Отель Корстон Роял Казань,8,"В выходные очень много людей, шумновато в лифтах. Номера чистые, но дизайн уже немного классический.",Казанский Кремль,1,0.6460347771644592,1,True,
Казань,Отель Мираж Казань,10,"Лучшее расположение. Кремль прямо через дорогу. Сервис очень достойный, в номере было всё, вплоть до фирменной косметики.",Казанский Кремль,1,0.7892221808433533,1,True,
Казань,Отель Мираж Казань,7,"Завтраки вкусные, но зал небольшой, иногда приходится ждать свободный столик. Вид на Кремль стоит того.",Казанский Кремль,1,0.6634327173233032,0,False,
Казань,Отель Tasigo Kazan Palace,10,"Шедевр архитектуры. Здание старой больницы превратили в ультрасовременный лофт. Спа-комплекс — лучший, где я был. Завтраки очень изысканные.",Казанский Кремль,1,0.8118008971214294,1,True,
Казань,Отель Tasigo Kazan Palace,9,"Отель великолепный, но цены в баре очень высокие. Для особого случая — идеально.",Казанский Кремль,1,0.8499541282653809,1,True,
Казань,Отель Ак Барс Гольф Резорт,9,"Прекрасное место для отдыха на природе. Поля для гольфа огромные и ухоженные. Тишина, свежий воздух, отличный сервис.",Казанский Кремль,1,0.873759388923645,1,True,
Казань,Отель Ак Барс Гольф Резорт,6,Находится далеко от города. Без личного транспорта добираться очень дорого на такси. Меню в ресторане ограничено.,Казанский Кремль,1,0.525061845779419,0,False,
Казань,Спа-отель Luciano Residence Spa,10,"Уровень мировых детокс-клиник. Программы спа и бассейн просто на высоте. Идеально для тех, кто хочет перезагрузиться в центре города.",Казанский Кремль,1,0.7471247315406799,1,True,
Казань,Спа-отель Luciano Residence Spa,8,"Строгий регламент в спа-зоне. Очень высокие цены, но качество процедур их оправдывает.",Казанский Кремль,1,0.7884621620178223,1,True,
Казань,Отель Космос Казань,9,"Удобный сетевой отель. Рядом метро и много кафе. Кровати очень удобные, спать — одно удовольствие. Персонал вежливый.",Казанский Кремль,1,0.86476731300354,1,True,
Казань,Отель Космос Казань,7,Стандартные номера довольно простые и небольшие по площади. Хороший вариант для командировки.,Казанский Кремль,1,0.7406824231147766,0,False,
Казань,Отель Ramada by Wyndham Kazan City Centre,10,"Отличный американский стандарт. Чисто, функционально, вежливо. Завтраки очень разнообразные, даже есть национальная выпечка.",Казанский Кремль,1,0.8450072407722473,1,True,
Казань,Отель Ramada by Wyndham Kazan City Centre,8,"Расположение рядом с вокзалом — и плюс, и минус одновременно. Бывает шумно под окнами.",Казанский Кремль,1,0.5697402954101562,1,True,
Казань,Отель DoubleTree by Hilton,10,"Теплое печенье при заезде — это любовь! Центр, всё рядом. В номере тихо, хотя за окном оживленная улица.",Казанский Кремль,1,0.749778151512146,1,True,
Казань,Отель DoubleTree by Hilton,9,Всё на уровне Хилтона. Единственное — не очень большая зона лобби.,Казанский Кремль,1,0.5598751902580261,1,True,
Казань,Гранд Отель Казань,8,Огромный отель в самом центре на пешеходной улице. Удобно ходить по магазинам. Вертолетная площадка на крыше — классная фотозона.,Казанский Кремль,1,0.8278758525848389,1,True,
Казань,Гранд Отель Казань,5,"Номера требуют обновления, мебель местами потертая. Очереди на завтрак и медленные лифты.",Казанский Кремль,1,0.5514453649520874,0,False,
Казань,Отель Korston Club Hotel,9,"Хорошая альтернатива 'Роялу'. Доступ к тем же услугам, но номера чуть проще и дешевле. Чисто и уютно.",Казанский Кремль,1,0.8071861863136292,1,True,
Казань,Отель Korston Club Hotel,7,"Иногда слышно музыку из клубов на нижних этажах. Для молодежи — супер, для семей с детьми — не очень.",Казанский Кремль,0,0.470010370016098,0,True,
Казань,Отель Ривьера Казань,9,Главный плюс — аквапарк включен в стоимость! Вид на Казанку потрясающий. Летом свой пляж и открытые бассейны.,Казанский Кремль,1,0.8014893531799316,1,True,
Казань,Отель Ривьера Казань,5,"В отеле постоянная суета из-за посетителей аквапарка. В номерах влажновато, ковролин не первой свежести.",Казанский Кремль,1,0.5351331233978271,0,False,
Казань,DION INN Отель и СПА,10,"Маленький, уютный бутик-отель. Очень душевный персонал. Спа-зона была в нашем распоряжении почти всё время.",Казанский Кремль,1,0.8204030394554138,1,True,
Казань,DION INN Отель и СПА,8,"Находится в частном секторе, пешком гулять негде. До центра нужно ехать на машине.",Казанский Кремль,0,0.476362407207489,1,False,
Казань,Отель Ногай,10,"Расположен в здании старой типографии на ул. Баумана. Очень атмосферно, книжная тематика в дизайне. Своя пивоварня при отеле.",Казанский Кремль,1,0.8177112936973572,1,True,
Казань,Отель Ногай,9,Парковка платная и заезд во дворы очень узкий. Но само проживание отличное.,Казанский Кремль,1,0.806586503982544,1,True,
Казань,Отель Munib Hotel,9,"Халяль-отель. Очень чисто, вежливо, нет алкоголя, что для многих плюс. Завтраки сытные, домашние.",Казанский Кремль,1,0.7571060657501221,1,True,
Казань,Отель Munib Hotel,7,"Расположен далековато от метро. Интерьер довольно скромный, без изысков.",Казанский Кремль,1,0.5061554908752441,0,False,
Казань,Отель NEO Kazan Palace by Tasigo,10,"Новое здание рядом с основным Palace. Футуристичный дизайн, много зелени внутри. Очень технологичные номера.",Казанский Кремль,1,0.829319953918457,1,True,
Казань,Отель NEO Kazan Palace by Tasigo,9,"Всё супер, но в спа нужно переходить в соседний корпус через улицу или подземный переход.",Казанский Кремль,1,0.6085907220840454,1,True,
Иркутск,HISTORY Бутик-отель и СПА,10,"Безупречный сервис и лучший завтрак в моей жизни. Спа-зона очень камерная и дорогая. В номерах продумана каждая мелочь, от качества халатов до управления светом.",озеро Байкал,1,0.8183217644691467,1,True,
Иркутск,HISTORY Бутик-отель и СПА,9,"Отель премиум-класса. Единственный минус — сложно припарковаться прямо у входа, но швейцар всегда помогает.",озеро Байкал,1,0.7241908311843872,1,True,
Иркутск,Отель SAYEN,10,"Японский минимализм в центре Сибири. Система 'умный дом' работает отлично. Очень просторные номера и тишина, несмотря на близость к активным улицам.",озеро Байкал,1,0.8106487393379211,1,True,
Иркутск,Отель SAYEN,7,"Завтраки проходят в ресторане рядом, меню не очень большое. Хотелось бы большего разнообразия фруктов.",озеро Байкал,1,0.555455207824707,0,False,
Иркутск,RODINA Grand Hotel & SPA Irkutsk,10,Роскошь в историческом здании. Интерьеры поражают воображение. Персонал вышколен. Бассейн и сауна — высший пилотаж.,озеро Байкал,1,0.8034937977790833,1,True,
Иркутск,RODINA Grand Hotel & SPA Irkutsk,8,"Очень дорого, оправдано только если вы цените именно статус. В остальном — просто очень хороший отель.",озеро Байкал,1,0.810194730758667,1,True,
Иркутск,Премиум Отель Пушкин,9,"Уютный отель с душой. Классический стиль, картины, приветливый персонал. До набережной Ангары буквально 5 минут пешком.",озеро Байкал,1,0.8446751832962036,1,True,
Иркутск,Премиум Отель Пушкин,7,"В номере на первом этаже было немного слышно шум с улицы. Завтрак вкусный, по-домашнему.",озеро Байкал,1,0.5062805414199829,0,False,
Иркутск,Отель Амурский,10,"Восстановленный особняк с историей. Ощущение, что попал в 19 век, но с современным комфортом. Ресторан при отеле — топ!",озеро Байкал,1,0.8192441463470459,1,True,
Иркутск,Отель Амурский,6,"Лестницы довольно крутые, лифта нет (здание историческое). Номер был холодноват, но дали обогреватель.",озеро Байкал,1,0.5831022262573242,0,False,
Иркутск,Отель NUUR hotel,10,"Очень стильный лофт-дизайн. Чистота на 5+, всё новое. Кровать очень удобная, выспались прекрасно. Приятные администраторы.",озеро Байкал,1,0.8645466566085815,1,True,
Иркутск,Отель NUUR hotel,8,"Находится не в самом центре, нужно ехать на такси. Но за такой уровень комфорта цена отличная.",озеро Байкал,1,0.652472734451294,1,True,
Иркутск,Baikal Forest Hotel,9,"Новый отель с современными интерьерами. Красивые виды из окна на город. Завтраки сытные, шведский стол.",озеро Байкал,1,0.8587294220924377,1,True,
Иркутск,Baikal Forest Hotel,7,"В ванной комнате плохо работал фен. На ресепшене была очередь при выезде, пришлось подождать 20 минут.",озеро Байкал,0,0.47404158115386963,0,True,
Иркутск,Отель Байкал - Северное море,9,"Панорамный вид на Ангару просто шикарный! Номера чистые, современные. Хороший ресторан на верхнем этаже.",озеро Байкал,1,0.8721283078193665,1,True,
Иркутск,Отель Байкал - Северное море,5,"Далеко от центра. Без машины неудобно. Персонал на завтраке не успевал убирать столы, не хватало приборов.",озеро Байкал,0,0.4351389706134796,0,True,
Иркутск,Отель Irkutsk City Center,10,"Классический сетевой отель. Всё по стандартам: чисто, вежливо, отличный завтрак. Расположение — лучше не придумаешь.",озеро Байкал,1,0.8162571787834167,1,True,
Иркутск,Отель Irkutsk City Center,8,"Номера уже требуют небольшого косметического ремонта, ковролин местами в пятнах. Но кровати супер.",озеро Байкал,1,0.5646342635154724,1,True,
Иркутск,Гостиничный комплекс Звезда,9,"Тихий район, отель в стиле загородного дома. Понравился ресторан в охотничьем стиле. Номера уютные и теплые.",озеро Байкал,1,0.8469975590705872,1,True,
Иркутск,Гостиничный комплекс Звезда,6,"Далеко от всех развлечений. Интерьер на любителя, много тяжелого дерева и ковров.",озеро Байкал,1,0.5872365236282349,0,False,
Иркутск,Отель Ibis Иркутск Центр,9,"Цена-качество идеальные. Стандарт Ибис: компактно, чисто, удобно. Отличные завтраки с местным колоритом.",озеро Байкал,1,0.8665913939476013,1,True,
Иркутск,Отель Ibis Иркутск Центр,7,"Очень маленькие номера, вдвоем с багажом тесно. Шумоизоляция средняя, слышно коридор.",озеро Байкал,1,0.5583464503288269,0,False,
Иркутск,Отель Централь Иркутск,10,"Прекрасное расположение прямо в центре города. Старинное здание, очень высокие потолки. Сервис отличный.",озеро Байкал,1,0.8631938099861145,1,True,
Иркутск,Отель Централь Иркутск,8,"Завтраки порционные, не шведский стол. В номере не было кондиционера, летом может быть душно.",озеро Байкал,1,0.503381609916687,1,True,
Иркутск,Гостиничный комплекс Солнце,8,"Хороший отель рядом с аэропортом. Удобно для тех, кто прилетает поздно. Номера чистые, персонал вежливый.",озеро Байкал,1,0.8551636338233948,1,True,
Иркутск,Гостиничный комплекс Солнце,5,"Район вокруг промышленный, гулять негде. До центра далеко. Завтрак очень посредственный.",озеро Байкал,0,0.4824863076210022,0,True,
Иркутск,Гостиница 7 Дорог,7,"Бюджетный вариант. Переночевать ночь перед поездом — нормально. Чистая постель, есть чайник в номере.",озеро Байкал,1,0.7425497174263,0,False,
Иркутск,Гостиница 7 Дорог,4,Ремонт очень старый. В душе был сломан держатель. Очень шумно от дороги рядом.,озеро Байкал,1,0.511887788772583,0,False,
Иркутск,Отель Армат,9,"Новый современный отель. Просторные номера, всё блестит. Есть своя парковка, что редкость для центра.",озеро Байкал,1,0.7883329391479492,1,True,
Иркутск,Отель Армат,8,"Завтрак вкусный, но кофе только за доплату. Персонал на ресепшене немного медлительный.",озеро Байкал,1,0.724757194519043,1,True,
Красноярск,Дом-Отель Соломин,10,"Потрясающий особняк с историей. Номера очень уютные, с антикварными деталями. Завтраки домашние и очень вкусные. Чувствуешь себя не в гостинице, а в гостях у старых друзей.",заповедник Столбы,1,0.8025984168052673,1,True,
Красноярск,Дом-Отель Соломин,9,"Тихое место в центре. Единственный нюанс — крутая лестница на второй этаж, пожилым людям может быть непросто.",заповедник Столбы,1,0.6973250508308411,1,True,
Красноярск,Авторский отель Золотое Сечение,10,"Дизайн номеров просто космический! Всё продумано до мелочей. Очень вежливый персонал, помогли организовать экскурсию. Чистота на 5+.",заповедник Столбы,1,0.7907660007476807,1,True,
Красноярск,Авторский отель Золотое Сечение,8,"Отель находится во дворе жилого дома, не сразу нашли въезд. Но внутри — уровень люкс.",заповедник Столбы,1,0.584498405456543,1,True,
Красноярск,Отель Премьер Красноярск,9,"Хороший классический отель. Удобное расположение, рядом много ресторанов. В номере была большая удобная кровать и хорошая косметика.",заповедник Столбы,1,0.8510536551475525,1,True,
Красноярск,Отель Премьер Красноярск,7,"Завтраки вкусные, но ассортимент повторяется каждый день. Звукоизоляция средняя, слышно шум из коридора.",заповедник Столбы,1,0.577553927898407,0,False,
Красноярск,Гостиница Октябрьская Красноярск,9,"Центральное расположение. Очень просторный номер, высокие потолки. Персонал работает четко и быстро.",заповедник Столбы,1,0.7881874442100525,1,True,
Красноярск,Гостиница Октябрьская Красноярск,6,"Мебель в стиле классики, но местами уже требует обновления. Ковролин в пятнах, пора делать химчистку.",заповедник Столбы,1,0.5744752287864685,0,False,
Красноярск,Отель Дом Отель Классик,10,"Очень душевный отель. Завтраки по меню — всегда свежие и горячие. Расположение отличное, всё в пешей доступности.",заповедник Столбы,1,0.859415590763092,1,True,
Красноярск,Отель Дом Отель Классик,9,"Всё понравилось, но в ванной комнате было маловато места для косметических принадлежностей.",заповедник Столбы,1,0.6729326248168945,1,True,
Красноярск,Апарт-отель Карат апарт,10,"Шикарные апартаменты в современном стиле. Панорамные окна с видом на город. Есть полноценная кухня, стиральная машина — очень удобно для долгой поездки.",заповедник Столбы,1,0.8548873066902161,1,True,
Красноярск,Апарт-отель Карат апарт,8,Долго ждали администратора при заселении. Но сами апартаменты выше всяких похвал.,заповедник Столбы,1,0.6445959806442261,1,True,
Красноярск,Гостиница Метелица Красноярск,9,Уютный и чистый отель. В номере тепло (для Сибири это важно). Завтрак 'шведский стол' довольно разнообразный.,заповедник Столбы,1,0.8396925926208496,1,True,
Красноярск,Гостиница Метелица Красноярск,7,"Находится не в самом центре, до основных достопримечательностей нужно ехать. Интерьер простоват.",заповедник Столбы,1,0.5354083776473999,0,False,
Красноярск,Гостиница МВДЦ Сибирь,9,"Идеально для тех, кто приехал на выставку. Отель прямо в выставочном центре. Номера чистые, современные. Хороший завтрак.",заповедник Столбы,1,0.8638340830802917,1,True,
Красноярск,Гостиница МВДЦ Сибирь,6,"Вокруг огромные парковки и торговые центры, нет места для пеших прогулок. Далеко от исторического центра.",заповедник Столбы,1,0.5165919661521912,0,False,
Красноярск,Отель Легенда Аэро,10,"Лучший отель при аэропорте. Очень стильный дизайн, всё новое. Можно выспаться между рейсами в полной тишине.",заповедник Столбы,1,0.8528198599815369,1,True,
Красноярск,Отель Легенда Аэро,8,"Цена высокая для транзитного отеля, но комфорт того стоит. В ресторане выбор блюд небольшой.",заповедник Столбы,1,0.7851883769035339,1,True,
Красноярск,Гостиница Сибирский Сафари Клуб,9,Прекрасное расположение на берегу Енисея. Ощущение загородного отдыха. Свой ресторан с сибирской кухней просто отличный.,заповедник Столбы,1,0.8665227293968201,1,True,
Красноярск,Гостиница Сибирский Сафари Клуб,5,"В номерах чувствуется запах старины. Зимой было душновато, а кондиционер работал шумно.",заповедник Столбы,1,0.5600034594535828,0,False,
Красноярск,Гостиница Sky Центр,10,"Отличный вид на город с верхних этажей. Центр, до набережной рукой подать. Номера современные, ничего лишнего.",заповедник Столбы,1,0.7888837456703186,1,True,
Красноярск,Гостиница Sky Центр,8,"Парковка перед отелем почти всегда занята. Завтрак начинается поздно, не успел перед работой.",заповедник Столбы,0,0.47029343247413635,1,False,
Красноярск,Отель Novotel Красноярск центр,10,"Европейский стандарт качества. Отличный тренажерный зал и сауна. Завтраки очень качественные, кофе — лучший в городе.",заповедник Столбы,1,0.8670076727867126,1,True,
Красноярск,Отель Novotel Красноярск центр,9,"Всё супер, но цена в праздничные дни кусается. Персонал на ресепшене очень профессиональный.",заповедник Столбы,1,0.7708009481430054,1,True,
Красноярск,Апарт-отель Крассталкер,8,"Хороший вариант для экономного проживания. В квартире чисто, есть всё для жизни. Удобно, что ключи передают на месте.",заповедник Столбы,1,0.8349617123603821,1,True,
Красноярск,Апарт-отель Крассталкер,4,"Ремонт бюджетный, в подъезде было накурено. Матрас на кровати слишком мягкий, болела спина.",заповедник Столбы,1,0.5669267773628235,0,False,
Красноярск,Гостиница Красноярск,8,Самый центр города. Вид на Театральную площадь и Енисей. Завтраки шведский стол с хорошим выбором.,заповедник Столбы,1,0.8369380831718445,1,True,
Красноярск,Гостиница Красноярск,5,"Очень старая гостиница. Лифты постоянно заняты, в номерах старая сантехника. Требуется серьезная реновация.",заповедник Столбы,1,0.6692917943000793,0,False,
Нижний Новгород,Отель Marins Нижний Новгород,9,"Огромный отель, очень удобно расположен рядом с вокзалом и Ярмаркой. Завтраки 'шведский стол' просто поражают воображение своим выбором. В номерах чисто.",Нижегородский Кремль,1,0.8458420634269714,1,True,
Нижний Новгород,Отель Marins Нижний Новгород,6,"Очень долго ждали лифт, их явно не хватает на такое количество гостей. В номере было душновато, кондиционер работал шумно.",Нижегородский Кремль,0,0.44407686591148376,0,True,
Нижний Новгород,АЗИМУТ Отель Нижний Новгород,10,Лучший вид на Стрелку! Просыпаться с видом на Волгу и Оку — это сказка. Номера в стиле Смарт очень функциональные и современные.,Нижегородский Кремль,1,0.8461569547653198,1,True,
Нижний Новгород,АЗИМУТ Отель Нижний Новгород,8,"Отель находится на крутом съезде, пешком подниматься в центр города тяжеловато. Но вид всё окупает.",Нижегородский Кремль,1,0.7662415504455566,1,True,
Нижний Новгород,Отель Bobo st.art,10,Очень стильный и необычный арт-отель. Каждый уголок — готовая фотозона. Расположен на главной пешеходной улице Большой Покровской. Персонал супер!,Нижегородский Кремль,1,0.8638738989830017,1,True,
Нижний Новгород,Отель Bobo st.art,9,"Шумно по вечерам, так как окна выходят на оживленную улицу с музыкантами, но нам это даже понравилось, создавало атмосферу.",Нижегородский Кремль,1,0.6873471736907959,1,True,
Нижний Новгород,Отель Минин,10,"Превосходный отель в самом центре. Всё новое, чистое, очень вежливый сервис. Завтраки подают в очень красивом зале.",Нижегородский Кремль,1,0.8695980310440063,1,True,
Нижний Новгород,Отель Минин,8,"Номер был на мансардном этаже, окна небольшие. В остальном — придраться не к чему.",Нижегородский Кремль,0,0.46566563844680786,1,False,
Нижний Новгород,Гостиница Никитин,9,"Историческое здание 19 века. Очень атмосферно, высокие потолки, классическая мебель. Расположение на Стрелке очень удобное для прогулок.",Нижегородский Кремль,1,0.8437244296073914,1,True,
Нижний Новгород,Гостиница Никитин,7,Завтрак довольно скромный. Слышимость в номерах высокая из-за старых перекрытий.,Нижегородский Кремль,1,0.5757980346679688,0,False,
Нижний Новгород,СORT INN Нижний Новгород Центр,10,"Отличный международный уровень. Номера просторные, кровать невероятно удобная. Тихий район в центре города. Всё очень достойно.",Нижегородский Кремль,1,0.8570668697357178,1,True,
Нижний Новгород,СORT INN Нижний Новгород Центр,9,"Всё понравилось, но цена на дополнительные услуги (например, прачечную) показалась завышенной.",Нижегородский Кремль,1,0.6952119469642639,1,True,
Нижний Новгород,Отель MaxxRoyal,8,"Чистый и современный отель. В номере было всё необходимое: халаты, тапочки, зубные наборы. Персонал быстро решил вопрос с сейфом.",Нижегородский Кремль,1,0.7910474538803101,1,True,
Нижний Новгород,Отель MaxxRoyal,5,"Находится в некотором отдалении от центра. Рядом стройка, утром было шумно. Завтраки без изысков.",Нижегородский Кремль,0,0.4131709635257721,0,True,
Нижний Новгород,Гостиница Славия,8,"Хороший бюджетный вариант. Номера простые, но аккуратные. Персонал приветливый, помогли с картой города.",Нижегородский Кремль,1,0.8282927870750427,1,True,
Нижний Новгород,Гостиница Славия,6,"Ремонт в стиле 2000-х. Не самый удобный душ, вода подтекала на пол.",Нижегородский Кремль,1,0.6657562851905823,0,False,
Нижний Новгород,Ресторанно-гостиничный комплекс Купеческий клуб,10,"Настоящий купеческий шик. Ресторан при отеле — это отдельное удовольствие, очень вкусная русская кухня. Номера огромные с богатым интерьером.",Нижегородский Кремль,1,0.8573949337005615,1,True,
Нижний Новгород,Ресторанно-гостиничный комплекс Купеческий клуб,7,"В номере много тяжелого текстиля и ковров, для аллергиков может быть проблемой. Сервис немного медлительный.",Нижегородский Кремль,1,0.5373143553733826,0,False,
Нижний Новгород,Гостиница Автозаводская,7,Историческое здание в стиле соцреализма. Очень интересно архитектурно. Цены очень низкие.,Нижегородский Кремль,1,0.7874600291252136,0,False,
Нижний Новгород,Гостиница Автозаводская,4,Район далековато от центра. В номерах старая мебель и сантехника. Подходит только если нужно сэкономить.,Нижегородский Кремль,1,0.595830500125885,0,False,
Новосибирск,Ramada by Wyndham Novosibirsk,10,"Стандарт качества мирового уровня. Номера просторные, кровать очень удобная. Завтраки разнообразные, есть всё — от каш до десертов. Персонал очень внимателен к просьбам.",Оперный театр,1,0.8210039734840393,1,True,
Новосибирск,Ramada by Wyndham Novosibirsk,8,"Отель отличный, но расположен в деловом районе, до центральных достопримечательностей нужно ехать на такси. В остальном — всё супер.",Оперный театр,1,0.8069377541542053,1,True,
Новосибирск,Отель Домина Новосибирск,10,"Итальянский стиль в центре Сибири. Яркий дизайн, очень уютное лобби. Номера чистые, звукоизоляция отличная. Очень понравился завтрак и кофе.",Оперный театр,1,0.8704068064689636,1,True,
Новосибирск,Отель Домина Новосибирск,9,"Всё понравилось, но подземная парковка довольно узкая, на большом автомобиле заезжать не очень удобно.",Оперный театр,1,0.644314706325531,1,True,
Новосибирск,Grand Autograph Hotel Novosibirsk,10,"Лучший отель города. Напротив Оперного театра. Роскошные интерьеры, сервис на 5 звезд. Бассейн и спа-зона на высшем уровне.",Оперный театр,1,0.8451884984970093,1,True,
Новосибирск,Grand Autograph Hotel Novosibirsk,8,"Очень дорого, но оправдано качеством. Единственное — на завтраке было много людей, пришлось ждать столик.",Оперный театр,1,0.7188371419906616,1,True,
Новосибирск,Отель Космос Новосибирск,9,"Удобное расположение рядом с метро. Номера современные, в стиле минимализма. Очень чисто, вежливый персонал на ресепшене.",Оперный театр,1,0.8685574531555176,1,True,
Новосибирск,Отель Космос Новосибирск,7,"Номер 'Стандарт' довольно компактный. Вид из окна был на соседнюю стройку, было немного шумно по утрам.",Оперный театр,1,0.5373529195785522,0,False,
Новосибирск,DoubleTree by Hilton Hotel Novosibirsk,10,"Фирменное теплое печенье при заезде — это всегда приятно. Отличный спа-центр с бассейном. Тихий район, хотя центр совсем рядом.",Оперный театр,1,0.8373507857322693,1,True,
Новосибирск,DoubleTree by Hilton Hotel Novosibirsk,9,Всё на уровне Хилтона. Завтраки очень качественные. Персонал быстро решил вопрос с заменой полотенец.,Оперный театр,1,0.7339476346969604,1,True,
Новосибирск,Апарт-отель APARTVILLE,9,"Отличный вариант для длительного проживания. Своя кухня, стиральная машина, современный ремонт. Ощущение, что живешь в своей квартире.",Оперный театр,1,0.8370295763015747,1,True,
Новосибирск,Апарт-отель APARTVILLE,7,"До центра города нужно ехать. Заселение происходит удаленно, не сразу разобрались с кодом от двери.",Оперный театр,0,0.42433714866638184,0,True,
Новосибирск,Отель Marins Новосибирск,8,"Огромный отель напротив вокзала. Удобно для тех, кто проездом. Завтраки очень сытные, большой выбор блюд.",Оперный театр,1,0.8300480842590332,1,True,
Новосибирск,Отель Marins Новосибирск,5,"Очень шумно от вокзальной площади. Лифты постоянно перегружены, приходится долго ждать. Номера требуют косметического ремонта.",Оперный театр,1,0.5203188061714172,0,False,
Новосибирск,Парк-Отель Сосновый бор,10,"Настоящий оазис в городе. Воздух потрясающий, вокруг лес. Очень уютные номера и вкусный ресторан. Идеально для отдыха от суеты.",Оперный театр,1,0.8731945753097534,1,True,
Новосибирск,Парк-Отель Сосновый бор,7,Далеко от центра. Зимой дорожки на территории не всегда хорошо очищены от снега.,Оперный театр,0,0.45288094878196716,0,True,
Новосибирск,Гостиница Skyport,9,"Лучший выбор, если у вас ранний вылет. Буквально 5 минут пешком до терминала. Номера чистые, тихо, можно выспаться перед рейсом.",Оперный театр,1,0.7330171465873718,1,True,
Новосибирск,Гостиница Skyport,6,"Цена завышена из-за расположения. Ресторан в отеле работает медленно, выбор блюд ограничен.",Оперный театр,1,0.594407320022583,0,False,
Новосибирск,Отель Gorskiy city hotel,9,"Панорамный вид на левый берег и Обь. Номера современные, всё работает исправно. Хороший завтрак и вежливый персонал.",Оперный театр,1,0.8531889915466309,1,True,
Новосибирск,Отель Gorskiy city hotel,7,"Расположен на левом берегу, в часы пик пробки на мостах могут стать проблемой, если нужно в центр.",Оперный театр,1,0.5328782796859741,0,False,
Новосибирск,Отель Греческий Олимп,8,"Небольшой и уютный отель. В номере чисто, есть всё необходимое. Приятный персонал.",Оперный театр,1,0.847146213054657,1,True,
Новосибирск,Отель Греческий Олимп,5,"Звукоизоляция очень слабая, слышно всё, что происходит в коридоре. Завтрак очень скромный.",Оперный театр,1,0.5061253905296326,0,False,
Пермь,Гостиница Холидей Пермь,10,"Прекрасный новый отель. Очень чистые номера, приветливый персонал и шикарные завтраки. Расположение удобное, всё в шаговой доступности.",набережная Камы,1,0.8808483481407166,1,True,
Пермь,Гостиница Холидей Пермь,8,"Всё понравилось, но звукоизоляция в номерах могла бы быть лучше — слышно, что происходит в коридоре.",набережная Камы,1,0.6306662559509277,1,True,
Пермь,Отель Grand Hotel Perm,10,"Лучший отель в городе для деловых поездок. Высокий уровень сервиса, отличный ресторан и очень удобные кровати. Вид на Каму завораживает.",набережная Камы,1,0.8715640902519226,1,True,
Пермь,Отель Grand Hotel Perm,9,"Дорого, но сервис оправдывает ожидания. Очень внимательный персонал на ресепшене.",набережная Камы,1,0.7831570506095886,1,True,
Пермь,Отель Aura City Hotel,9,"Стильный отель в самом центре. Просторные номера, современный дизайн. Очень понравилось наличие кофемашины в номере.",набережная Камы,1,0.8568868041038513,1,True,
Пермь,Отель Aura City Hotel,7,"Парковка очень маленькая, пришлось кружить вокруг квартала, чтобы найти место.",набережная Камы,1,0.5235881805419922,0,False,
Пермь,Гостиница AurA Aquarelle,10,Очень уютный и фотогеничный отель. Дизайн продуман до мелочей. В номере идеально чисто и пахнет свежестью.,набережная Камы,1,0.8654003143310547,1,True,
Пермь,Гостиница AurA Aquarelle,8,"Завтраки вкусные, но выбор блюд небольшой. Для короткой поездки — идеально.",набережная Камы,1,0.7910711765289307,1,True,
Пермь,Гостиница Apri Hotel Perm,9,"Хорошее соотношение цены и качества. Расположен в тихом центре. Номера уютные, есть всё необходимое.",набережная Камы,1,0.8371074795722961,1,True,
Пермь,Гостиница Apri Hotel Perm,6,"В ванной комнате был слабый напор воды. Персонал вежливый, но решали проблему долго.",набережная Камы,1,0.5601672530174255,0,False,
Пермь,Art Hotel Пермь,9,"Небольшой, но очень приятный отель. Интересные картины в интерьере. Завтраки домашние и очень душевные.",набережная Камы,1,0.8366109728813171,1,True,
Пермь,Art Hotel Пермь,7,"Номер на мансарде был тесноват, головой задевал потолок. Но для одной ночи нормально.",набережная Камы,1,0.5732763409614563,0,False,
Пермь,Гостиница ASTOR,10,"Классика и уют. Отель с историей, очень вежливое обслуживание. Расположение в самом центре — огромный плюс.",набережная Камы,1,0.8668655157089233,1,True,
Пермь,Гостиница ASTOR,8,"Интерьер немного старомодный, но всё в очень хорошем состоянии и очень чисто.",набережная Камы,1,0.7396249771118164,1,True,
Пермь,NEW STAR,9,"Огромный бизнес-отель. Хороший тренажерный зал и сауна. Завтраки сытные, шведский стол с большим выбором.",набережная Камы,1,0.8603839874267578,1,True,
Пермь,NEW STAR,6,"В отеле часто проходят конференции, из-за чего в лобби и лифтах постоянная суета и толпы людей.",набережная Камы,1,0.5971018671989441,0,False,
Пермь,Hotel DeParis,10,"Романтичное место. Номер был украшен к нашему приезду. Очень тихо, комфортно, прекрасный текстиль на кроватях.",набережная Камы,1,0.8260456323623657,1,True,
Пермь,Hotel DeParis,8,"Находится не в центре, нужно ехать на такси. Но за тишину и уют это можно простить.",набережная Камы,1,0.5566672086715698,1,True,
Пермь,Four Elements Perm,10,"Международный стандарт. Всё четко: быстрый заезд, чистейший номер, отличная кухня в ресторане. Рекомендую!",набережная Камы,1,0.8371497392654419,1,True,
Пермь,Four Elements Perm,9,"Всё супер, но в выходные цена значительно выше. Сервис на высоте.",набережная Камы,1,0.6821038126945496,1,True,
Пермь,Отель Прикамье,8,Легендарный отель. Расположение на эспланаде — лучше не придумаешь. Цены очень демократичные.,набережная Камы,1,0.7425217032432556,1,True,
Пермь,Отель Прикамье,5,"Номера требуют ремонта. Ощущение, что застрял в 90-х. Завтрак очень посредственный.",набережная Камы,1,0.5666531920433044,0,False,
Пермь,Гостиница City Star,9,Хороший вид на город. Номера просторные и светлые. Персонал на ресепшене очень отзывчивый.,набережная Камы,1,0.8500903844833374,1,True,
Пермь,Гостиница City Star,7,"Мебель в номере немного потертая. Wi-Fi работал нестабильно, постоянно вылетал.",набережная Камы,0,0.4816822111606598,0,True,
Пермь,Отель Ева Пермь,9,"Милый мини-отель. Тихий дворик, шума машин не слышно. Чисто, по-домашнему уютно.",набережная Камы,1,0.7110148072242737,1,True,
Пермь,Отель Ева Пермь,6,"Сложно найти вход в первый раз, нет яркой вывески. В номере не было кондиционера.",набережная Камы,0,0.4700930714607239,0,True,
Пермь,Мини-отель Albergo,8,"Чисто и бюджетно. Хорошее место, чтобы просто переночевать. Есть чайник и микроволновка в общей зоне.",набережная Камы,1,0.7741166353225708,1,True,
Пермь,Мини-отель Albergo,4,"Слышимость ужасная. Слышно, как в соседнем номере включают воду и разговаривают.",набережная Камы,1,0.5512211322784424,0,False,
Пермь,Apri Polet Hotel,9,"Идеально для тех, кто прилетает ночью. Отель рядом с аэропортом Большое Савино. Номера современные, кровати мягкие.",набережная Камы,1,0.830415666103363,1,True,
Пермь,Apri Polet Hotel,7,До центра города ехать долго и дорого. В ресторане выбор блюд на ужин скудный.,набережная Камы,1,0.5614516735076904,0,False,
Петропавловск-Камчатский,Гостиница Авача,8,"Классическая гостиница с отличным видом на домашние вулканы. Номера чистые, персонал вежливый. Расположение удобное — рядом остановки и магазины.",вулканы Камчатки,1,0.8722191452980042,1,True,
Петропавловск-Камчатский,Гостиница Авача,6,"Мебель в номерах довольно старая, ремонт из 90-х. Завтраки скромные, не всегда вовремя пополняют шведский стол.",вулканы Камчатки,1,0.5267937183380127,0,False,
Петропавловск-Камчатский,Отель Русский двор,10,"Лучший отель в городе. Сервис на высоте, всё очень дорого и достойно. В номерах идеальная чистота и очень вкусная еда в ресторане.",вулканы Камчатки,1,0.8691399693489075,1,True,
Петропавловск-Камчатский,Отель Русский двор,9,"Цены кусаются, но это компенсируется комфортом. В лобби всегда приятная атмосфера.",вулканы Камчатки,1,0.7817717790603638,1,True,
Петропавловск-Камчатский,Отель Yu,10,"Очень стильный и современный мини-отель. Дизайн в стиле минимализма, всё продумано. Приятные завтраки и отличный кофе.",вулканы Камчатки,1,0.877495527267456,1,True,
Петропавловск-Камчатский,Отель Yu,9,"Сложно найти парковку рядом, но сам отель — один из лучших по комфорту в городе.",вулканы Камчатки,1,0.7826958894729614,1,True,
Петропавловск-Камчатский,Отель Комфорт,9,"Хороший вариант для деловых поездок. Номера уютные, есть всё необходимое. Персонал отзывчивый, помогли с организацией тура.",вулканы Камчатки,1,0.8414692878723145,1,True,
Петропавловск-Камчатский,Отель Комфорт,7,"Звукоизоляция между номерами слабая, слышно разговоры соседей. Завтрак без изысков.",вулканы Камчатки,0,0.3889951705932617,0,True,
Петропавловск-Камчатский,Апарт-отель Peak 3456,10,"Шикарные новые апартаменты. Панорамный вид на сопки. Есть кухня, что важно, когда возвращаешься с океана и хочешь приготовить краба.",вулканы Камчатки,1,0.8107632398605347,1,True,
Петропавловск-Камчатский,Апарт-отель Peak 3456,8,"Находится на возвышенности, пешком подниматься тяжело, лучше брать такси.",вулканы Камчатки,1,0.597232460975647,1,True,
Петропавловск-Камчатский,Мини-отель Полуостров,9,"Маленький, уютный отель. Очень чисто, по-домашнему. Администраторы всегда готовы подсказать, куда сходить и что посмотреть.",вулканы Камчатки,1,0.8205971121788025,1,True,
Петропавловск-Камчатский,Мини-отель Полуостров,6,"Номер был очень маленький, едва развернулись с рюкзаками. Но за такую цену — приемлемо.",вулканы Камчатки,1,0.5516314506530762,0,False,
Петропавловск-Камчатский,Хостел WelKam,9,"Отличный хостел для туристов. Чистые душевые, просторная кухня и очень дружелюбная атмосфера. Много иностранцев и интересных людей.",вулканы Камчатки,1,0.8587964773178101,1,True,
Петропавловск-Камчатский,Хостел WelKam,8,"В общих комнатах бывает душно, если они полностью заселены. Но за эти деньги — супер.",вулканы Камчатки,1,0.6333160400390625,1,True,
Петропавловск-Камчатский,Апарт-отель Деревенька,9,"Необычный формат, домики в черте города. Очень уютно, внутри пахнет деревом. Есть зона для барбекю.",вулканы Камчатки,1,0.8200849294662476,1,True,
Петропавловск-Камчатский,Апарт-отель Деревенька,7,"Зимой было прохладно, обогреватели справлялись с трудом. Дорога к домикам была плохо очищена.",вулканы Камчатки,1,0.5535620450973511,0,False,
Петропавловск-Камчатский,Хостел VULKAN,8,Бюджетно и сердито. Удобные кровати со шторками. Есть всё необходимое для приготовления еды.,вулканы Камчатки,1,0.7711709141731262,1,True,
Петропавловск-Камчатский,Хостел VULKAN,5,Уборка в общих зонах могла бы быть чаще. Шумно по вечерам из-за большой компании в холле.,вулканы Камчатки,1,0.5178914666175842,0,False,
Петропавловск-Камчатский,ХостеLкам24,7,Простой хостел. Главное преимущество — цена и наличие свободных мест в разгар сезона.,вулканы Камчатки,1,0.7228795289993286,0,False,
Петропавловск-Камчатский,ХостеLкам24,4,"Очень тесно, не хватает розеток. Кухня маленькая, утром очередь к плите.",вулканы Камчатки,0,0.4405335783958435,0,True,
Петропавловск-Камчатский,Chalet UpLodge,10,"Потрясающее место с видом на бухту. Шале очень уютное, камин, пледы — всё для романтики и отдыха после гор.",вулканы Камчатки,1,0.8507176637649536,1,True,
Петропавловск-Камчатский,Chalet UpLodge,9,"Расположено уединенно, без машины добираться неудобно. Но тишина и виды того стоят.",вулканы Камчатки,1,0.5754189491271973,1,True,
Петропавловск-Камчатский,Земля медведей,9,"Настоящий камчатский колорит. Гостеприимные хозяева, очень вкусная домашняя еда. Помогли с трансфером и гидом.",вулканы Камчатки,1,0.844840407371521,1,True,
Петропавловск-Камчатский,Земля медведей,8,"Интерьер простой, дачный. Но за душевность ставлю высокий балл.",вулканы Камчатки,1,0.7392433285713196,1,True,
Петропавловск-Камчатский,Гостевой дом Нино,9,"Очень чистый гостевой дом. Приятная кухня, где можно пообщаться с другими гостями. Район тихий.",вулканы Камчатки,1,0.8413033485412598,1,True,
Петропавловск-Камчатский,Гостевой дом Нино,7,"Завтраки не предусмотрены, нужно заботиться о еде заранее. До центра нужно ехать на автобусе.",вулканы Камчатки,0,0.47358784079551697,0,True,
Петропавловск-Камчатский,ГК Аврора,8,"Хорошая база отдыха. Есть бассейн с термальной водой, что очень круто. Номера обычные, чистые.",вулканы Камчатки,1,0.8444684147834778,1,True,
Петропавловск-Камчатский,ГК Аврора,5,"Сервис ненавязчивый, иногда сложно дозваться администратора. Требуется обновление интерьера.",вулканы Камчатки,1,0.6077922582626343,0,False,
Владимир,Отель Вознесенская Слобода,10,"Уникальное место с видом на заклязьминские дали. Территория ухоженная, как в сказке. Ресторан при отеле — один из лучших в городе.",Золотые ворота,1,0.8401657342910767,1,True,
Владимир,Отель Вознесенская Слобода,8,"Цены выше средних, но за атмосферу купеческой усадьбы стоит переплатить. В номере на втором этаже немного скрипели полы.",Золотые ворота,1,0.6431794166564941,1,True,
Владимир,Отель Честер,10,"Очень стильный британский интерьер. Чистота безупречная, сантехника новая. Завтраки очень сытные и подаются красиво.",Золотые ворота,1,0.8621342182159424,1,True,
Владимир,Отель Честер,9,"Расположен в центре, но на тихой улочке. Единственный минус — небольшая парковка, вечером сложно найти место.",Золотые ворота,1,0.6708405613899231,1,True,
Владимир,Отель на Манежном,9,"Уютный мини-отель. Очень дружелюбная хозяйка, встретили как родных. До Золотых ворот пешком минут 10.",Золотые ворота,1,0.7933117151260376,1,True,
Владимир,Отель на Манежном,7,"Номер категории стандарт ну очень маленький, едва поместились с чемоданами. Завтрак домашний, но без выбора.",Золотые ворота,1,0.5566830039024353,0,False,
Владимир,Гостиница АМАКС Золотое кольцо,8,"Типичный большой отель. Понравилось наличие развлечений: боулинг, бильярд. Номера после ремонта выглядят свежо.",Золотые ворота,1,0.8074508309364319,1,True,
Владимир,Гостиница АМАКС Золотое кольцо,5,"Далеко от исторического центра. Очень много людей на завтраке, создается суета и шум. Медленный Wi-Fi.",Золотые ворота,1,0.5487257838249207,0,False,
Владимир,Гостиница Vania Rooms Hotel,10,"Пожалуй, самый современный отель во Владимире. Дизайн в стиле лофт, всё продумано до мелочей. Персонал очень профессиональный.",Золотые ворота,1,0.8275061845779419,1,True,
Владимир,Гостиница Vania Rooms Hotel,9,"Стеклянная перегородка в санузел выглядит круто, но не всем может быть комфортно. В остальном — восторг.",Золотые ворота,1,0.7287602424621582,1,True,
Владимир,Отель Гринфил Владимир (Greenfeel Vladimir),9,"Отличный формат самообслуживания. Чисто, современно, есть общая кухня, где можно разогреть еду. Бюджетно и качественно.",Золотые ворота,1,0.8614867925643921,1,True,
Владимир,Отель Гринфил Владимир (Greenfeel Vladimir),6,"Тонкие стены. Если попадутся шумные соседи, будет слышно каждое слово. Мало розеток возле кровати.",Золотые ворота,1,0.5132889151573181,0,False,
Владимир,Гостиница Русская деревня,10,Настоящий деревянный сруб! Запах дерева в номере просто потрясающий. Баня и ресторан с русской кухней выше всяких похвал.,Золотые ворота,1,0.8399133086204529,1,True,
Владимир,Гостиница Русская деревня,7,"Находится на выезде из города, без машины добираться неудобно. Зимой в домиках бывает свежо.",Золотые ворота,0,0.488355427980423,0,True,
Владимир,Гостиница Авлад-отель,8,Простой и чистый отель. Для того чтобы переночевать одну ночь — вариант отличный. Персонал вежливый.,Золотые ворота,1,0.8637840747833252,1,True,
Владимир,Гостиница Авлад-отель,5,"Скромные завтраки. Мебель и ремонт напоминают о советских временах. Рядом дорога, шумновато.",Золотые ворота,1,0.6551017761230469,0,False,
Владимир,Гостиница Семязино,9,"Тихое место рядом с озером. Можно прогуляться на природе. Номера простые, но аккуратные.",Золотые ворота,1,0.7663635611534119,1,True,
Владимир,Гостиница Семязино,6,"Очень далеко от центра. В ванной комнате не было фена, пришлось просить на ресепшене.",Золотые ворота,0,0.4071168601512909,0,True,
Владимир,Гостиница Князь Владимир,9,"Хороший бассейн и сауна. Номера просторные, кровать большая и удобная. Есть свой ресторан с хорошим меню.",Золотые ворота,1,0.8572080731391907,1,True,
Владимир,Гостиница Князь Владимир,7,Персонал не всегда оперативно реагирует на просьбы. Ждали чистые полотенца больше часа.,Золотые ворота,0,0.49530723690986633,0,True,
Владимир,Гостиница Заря Владимир,7,Главный плюс — расположение. Рядом центр и остановки. Цены очень демократичные.,Золотые ворота,1,0.7397552728652954,0,False,
Владимир,Гостиница Заря Владимир,4,"Старый фонд. Лифты работают медленно, в номерах старые телевизоры и скрипучие кровати. Требуется ремонт.",Золотые ворота,1,0.6175028085708618,0,False,
Владимир,Гостиница Мономах,9,Очень близко к основным соборам. Интерьер выдержан в классическом стиле. В номере тепло и уютно.,Золотые ворота,1,0.8186612129211426,1,True,
Владимир,Гостиница Мономах,8,"Завтраки могли бы быть побогаче. Кофе только растворимый, за зерновой нужно доплачивать.",Золотые ворота,1,0.549921989440918,1,True,
Владимир,Гостиница Рубикон Владимир,8,"Небольшой отель в спальном районе. Очень тихо, выспались отлично. Есть парковка под видеонаблюдением.",Золотые ворота,1,0.7828993201255798,1,True,
Владимир,Гостиница Рубикон Владимир,6,До центра нужно ехать на автобусе или такси. В номере не хватало тапочек и зубного набора.,Золотые ворота,0,0.3715076148509979,0,True,
Владимир,Отель Ладожская Ривьера,9,"Приятный отель с хорошим ремонтом. В номере чисто, постельное белье белоснежное. Есть всё необходимое.",Золотые ворота,1,0.8553369641304016,1,True,
Владимир,Отель Ладожская Ривьера,7,"Слышны звуки из коридора. Завтрак подают в номер, но выбор блюд очень ограничен.",Золотые ворота,1,0.5149953365325928,0,False,
Владимир,Отель Invite Hotel,10,"Очень милый и современный отель. Дизайн радует глаз, в номере много света. Расположение отличное.",Золотые ворота,1,0.8595205545425415,1,True,
Владимир,Отель Invite Hotel,9,"Всё понравилось, но шумоизоляция окон могла бы быть лучше — слышно шум проезжающих машин.",Золотые ворота,1,0.5828531384468079,1,True,
Владивосток,Лотте Отель Владивосток,10,"Классика мирового уровня. Корейский сервис на высоте, очень вежливый персонал. Завтраки с морепродуктами — это отдельный восторг.",Золотой мост,1,0.845988392829895,1,True,
Владивосток,Лотте Отель Владивосток,7,"Интерьер уже немного отдает классикой прошлых лет, пора бы обновить ковролин. Но вид на Золотой Рог перекрывает все минусы.",Золотой мост,1,0.5658494234085083,0,False,
Владивосток,Апарт-отель Магнум Гранд Палас,10,"Шикарные апартаменты с панорамным остеклением. Ощущение, что живешь в Москва-Сити, только с видом на море. Кухня укомплектована полностью.",Золотой мост,1,0.8332043290138245,1,True,
Владивосток,Апарт-отель Магнум Гранд Палас,9,"Очень долго ждали лифт, в остальном — люкс.",Золотой мост,1,0.569280207157135,1,True,
Владивосток,RODINA Residences Vladivostok 5*,10,"Новый, стильный, дорогой. Очень приватная атмосфера. Персонал предугадывает желания. Спа-зона небольшая, но очень уютная.",Золотой мост,1,0.8320537805557251,1,True,
Владивосток,RODINA Residences Vladivostok 5*,6,"За такую цену ожидали более просторный номер. Завтраки по меню, приходится долго ждать подачу.",Золотой мост,1,0.5232493877410889,0,False,
Владивосток,VLADIVOSTOK Grand Hotel & SPA,10,Лучший спа-центр на Дальнем Востоке. Бассейн с видом на залив — это нечто. Дизайн номеров в японском стиле очень расслабляет.,Золотой мост,1,0.848656177520752,1,True,
Владивосток,VLADIVOSTOK Grand Hotel & SPA,8,"Сложная система управления светом и шторами, пришлось вызывать мастера, чтобы разобраться.",Золотой мост,1,0.6147498488426208,1,True,
Владивосток,Отель Достоевский Владивосток,9,"Очень атмосферный отель в историческом центре. Высокие потолки, винтажная мебель. Расположение идеальное для прогулок.",Золотой мост,1,0.8655226230621338,1,True,
Владивосток,Отель Достоевский Владивосток,7,"Слышимость в номерах очень сильная, слышно каждое слово соседей. Нет лифта.",Золотой мост,0,0.43884584307670593,0,True,
Владивосток,АЗИМУТ Отель Владивосток,9,"Огромный отель с лучшим видом на Амурский залив. Завтраки очень сытные, большой выбор горячих блюд.",Золотой мост,1,0.8572298884391785,1,True,
Владивосток,АЗИМУТ Отель Владивосток,5,"Номер 'Смарт' крошечный, буквально негде развернуться с чемоданом. Очень много туристических групп, шумно в холле.",Золотой мост,0,0.4886820912361145,0,True,
Владивосток,Lido Central,9,"Маленький уютный отель в самом центре. Чисто, опрятно, современно. Персонал очень старается помочь.",Золотой мост,1,0.8446685671806335,1,True,
Владивосток,Lido Central,8,"Завтраки проходят в соседнем кафе, это не всегда удобно, если на улице дождь.",Золотой мост,1,0.566840648651123,1,True,
Владивосток,Отель Бутик R,10,"Дизайнерский восторг. Каждый номер индивидуален. Очень тихо, несмотря на то что центр совсем рядом.",Золотой мост,1,0.75754714012146,1,True,
Владивосток,Отель Бутик R,7,"Очень сложно найти парковку рядом с отелем, улочки узкие.",Золотой мост,1,0.6088693141937256,0,False,
Владивосток,Отель Select,8,"Хороший вариант за свои деньги. Чисто, свежий ремонт. Есть всё необходимое для командировки.",Золотой мост,1,0.8009058237075806,1,True,
Владивосток,Отель Select,6,Вид из окна был на стену соседнего здания. Завтрак довольно однообразный.,Золотой мост,1,0.5586032867431641,0,False,
Владивосток,Отель Tfl Hotel,10,"Технологичный отель. Всё новое, управление с планшета. Очень удобные подушки и матрас, спали как убитые.",Золотой мост,1,0.823201596736908,1,True,
Владивосток,Отель Tfl Hotel,9,"Расположен на сопке, пешком подниматься тяжело, лучше брать такси.",Золотой мост,1,0.6049516201019287,1,True,
Владивосток,Отель Звезда моря,9,Близость к набережной — главный плюс. Приятно проснуться и сразу пойти гулять к морю.,Золотой мост,1,0.715495765209198,1,True,
Владивосток,Отель Звезда моря,4,Уборка была только по запросу. В ванной пахло сыростью.,Золотой мост,1,0.5348768830299377,0,False,
Владивосток,Отель PATROKL HOTEL,10,"Район Патрокл очень красивый. Отель новый, современный. Вид на бухту просто завораживает.",Золотой мост,1,0.8435131311416626,1,True,
Владивосток,Отель PATROKL HOTEL,7,"До центра ехать 20-30 минут на машине. Рядом идет стройка, бывает шумно днем.",Золотой мост,0,0.4537797272205353,0,True,
Владивосток,Отель Novotel Владивосток,10,"Стандарт качества Novotel. Всё четко, функционально, чисто. Очень вкусный кофе в лобби.",Золотой мост,1,0.8572064638137817,1,True,
Владивосток,Отель Novotel Владивосток,8,"Персонал на ресепшене был немного замученным, долго оформляли документы.",Золотой мост,1,0.6098040342330933,1,True,
Владивосток,V Hotel Владивосток,9,"Стильно и лаконично. Центр города, всё рядом. Хорошая косметика в ванной комнате.",Золотой мост,1,0.8469845056533813,1,True,
Владивосток,V Hotel Владивосток,6,"В номере не было чайника, пришлось спускаться в бар.",Золотой мост,0,0.36281195282936096,0,True,
Владивосток,Отель NewLiving Hotel,8,Отличные апартаменты для длительного проживания. Есть стиральная машина и микроволновка.,Золотой мост,1,0.7800182700157166,1,True,
Владивосток,Отель NewLiving Hotel,5,"Далеко от туристических мест. Вокруг обычные жилые многоэтажки, нет атмосферы отпуска.",Золотой мост,1,0.5022159218788147,0,False,
Волгоград,Гостиница Волгоград,10,"Роскошный исторический отель в самом сердце города. Высокие потолки, классический стиль, идеальная чистота. Завтраки в ресторане 'Moliere' великолепны.",Мамаев курган,1,0.87496417760849,1,True,
Волгоград,Гостиница Волгоград,8,"Очень красиво, но в номерах, выходящих на площадь, может быть шумновато из-за мероприятий. Сервис достойный, но регистрация заняла время.",Мамаев курган,1,0.7898852229118347,1,True,
Волгоград,Отель Космос Волгоград,9,"Современный отель рядом с вокзалом. Очень удобно для деловых поездок. Номера функциональные, кровати удобные, отличная звукоизоляция.",Мамаев курган,1,0.8644224405288696,1,True,
Волгоград,Отель Космос Волгоград,7,Район вокруг вокзала не самый приятный для прогулок вечером. В остальном — стандарт качества соблюден.,Мамаев курган,1,0.6850906610488892,0,False,
Волгоград,Hampton by Hilton Volgograd Profsoyuznaya,10,"Стабильное качество Хилтон. Чисто, вежливо, отличный завтрак (особенно вафли!). Есть все необходимое для комфортного отдыха.",Мамаев курган,1,0.8645094037055969,1,True,
Волгоград,Hampton by Hilton Volgograd Profsoyuznaya,9,"Хороший отель, но парковка маловата для такого количества гостей. Пришлось искать место на соседней улице.",Мамаев курган,1,0.6993923187255859,1,True,
Волгоград,Гостиница Sobranie,9,"Приятный дизайн, вежливый персонал. Номера светлые и просторные. Расположение в тихом месте, что позволяет отлично выспаться.",Мамаев курган,1,0.865458607673645,1,True,
Волгоград,Гостиница Sobranie,6,"Далековато от основных достопримечательностей, нужно брать такси. Завтраки могли бы быть разнообразнее.",Мамаев курган,1,0.5437131524085999,0,False,
Волгоград,Отель Hilton Garden Inn Volgograd,10,"Прекрасный вид на Волгу и стадион. Номера новые, современные. Персонал очень старается угодить. Тренажерный зал работает круглосуточно.",Мамаев курган,1,0.8396403789520264,1,True,
Волгоград,Отель Hilton Garden Inn Volgograd,8,"Рядом торговый центр, это удобно. Однако цены в ресторане отеля выше средних по городу.",Мамаев курган,1,0.7725409269332886,1,True,
Волгоград,Отель Старый Сталинград,9,"Очень уютный камерный отель в центре. Аутентичная атмосфера, чистота. До всех памятных мест можно дойти пешком.",Мамаев курган,1,0.8662669658660889,1,True,
Волгоград,Отель Старый Сталинград,7,"Завтрак по системе 'порционно', а не шведский стол. Сами номера небольшие, но уютные.",Мамаев курган,1,0.6558621525764465,0,False,
Волгоград,Гостиница Alex Residence Hotel,10,"Пожалуй, лучшие апартаменты. Современный ремонт, есть кухня, стиральная машина. Идеально для длительного проживания.",Мамаев курган,1,0.8052541613578796,1,True,
Волгоград,Гостиница Alex Residence Hotel,9,"Всё супер, только не сразу нашли вход в здание, вывеска не очень заметная.",Мамаев курган,1,0.5206311345100403,1,True,
Волгоград,Гостиница Интурист Волгоград,8,"Легендарный отель. Потрясающая архитектура сталинского ампира. Центр города, всё рядом.",Мамаев курган,1,0.8275947570800781,1,True,
Волгоград,Гостиница Интурист Волгоград,5,"Номера требуют капитального ремонта. Ощущение, что вернулся в прошлое. Мебель старая, сантехника работает через раз.",Мамаев курган,1,0.5740914344787598,0,False,
Волгоград,Гостиница Мартон Царицын,8,"Бюджетный и достойный вариант. В номерах чисто, есть кондиционер. Персонал отзывчивый.",Мамаев курган,1,0.8494908213615417,1,True,
Волгоград,Гостиница Мартон Царицын,4,"Очень плохая звукоизоляция, слышно каждое движение в коридоре. Завтрак очень скромный, только каша и бутерброд.",Мамаев курган,1,0.5550841689109802,0,False,
Волгоград,Отель Южный Волгоград,9,"Хороший отель с большой историей, но обновленным номерным фондом. Завтраки 'шведский стол' очень приличные.",Мамаев курган,1,0.8408119082450867,1,True,
Волгоград,Отель Южный Волгоград,7,"Находится в Ворошиловском районе, до Мамаева кургана нужно ехать. В коридорах ковролин требует химчистки.",Мамаев курган,1,0.5433598160743713,0,False,
Волгоград,Отель Старт Волгоград,8,"Расположен прямо на берегу Волги. Свой пляж, свежий воздух. Для отдыха летом — отличный выбор.",Мамаев курган,1,0.8427588939666748,1,True,
Волгоград,Отель Старт Волгоград,5,"Очень далеко от центра города. Инфраструктура вокруг бедная, вечером погулять негде.",Мамаев курган,0,0.42764267325401306,0,True,
Волгоград,Гостиница Волга Волга,9,"Стильный интерьер, панорамные окна с видом на реку. Очень вежливый администратор. В номерах есть всё до мелочей.",Мамаев курган,1,0.8453203439712524,1,True,
Волгоград,Гостиница Волга Волга,7,"Подъезд к отелю не самый удобный, плохая дорога во дворе. Но внутри всё на высшем уровне.",Мамаев курган,1,0.6003066301345825,0,False,
Волгоград,Гостиница Замок Волгоград,7,Необычный дизайн в стиле средневековья. Детям очень понравилось. Есть бассейн и сауна.,Мамаев курган,1,0.8112029433250427,0,False,
Волгоград,Гостиница Замок Волгоград,5,"Специфический интерьер, много пыли на декоративных элементах. В номерах темновато, не хватает освещения.",Мамаев курган,1,0.5392906069755554,0,False,
Волгоград,Отель Наири,9,"Очень гостеприимный персонал. Чистые номера, вкусная домашняя еда в кафе. Тихий район.",Мамаев курган,1,0.8503901362419128,1,True,
Волгоград,Отель Наири,6,"В ванной комнате был забит слив. Номер категории эконом очень простой, без излишеств.",Мамаев курган,1,0.5133118629455566,0,False,
Волгоград,Отель Голд Волгоград,8,"Хороший отель за разумные деньги. Чисто, уютно, есть парковка. Персонал быстро реагирует на просьбы.",Мамаев курган,1,0.838758647441864,1,True,
Волгоград,Отель Голд Волгоград,6,"Завтрак начинается поздно, для тех кто в командировке и рано уезжает — это проблема.",Мамаев курган,0,0.49182257056236267,0,True,
Воронеж,Marriott Hotel,10,"Лучший вид в городе. Панорамные окна в пол — это нечто. Завтраки на уровне мировых стандартов, сервис безупречный.",Адмиралтейская площадь,1,0.8470264077186584,1,True,
Воронеж,Marriott Hotel,6,"Очень долгое заселение. Очереди на ресепшене, несмотря на 5 звезд. В номере было пыльно на полках.",Адмиралтейская площадь,1,0.566153883934021,0,False,
Воронеж,Отель Негород,10,"Уникальный формат для города. Эко-стиль, много дерева, тишина. Ощущение, что ты в лесу, хотя центр рядом.",Адмиралтейская площадь,1,0.8078939318656921,1,True,
Воронеж,Отель Негород,8,"Красиво, но на завтраке не хватило выбора горячих блюд. Кофе отличный.",Адмиралтейская площадь,1,0.6800091862678528,1,True,
Воронеж,Отель Бенефит Плаза,9,Хороший бизнес-отель. Удобная парковка и отличный тренажерный зал. Номера просторные.,Адмиралтейская площадь,1,0.8685715794563293,1,True,
Воронеж,Отель Бенефит Плаза,7,Расположен далековато от центра. Интерьер в коридорах немного устарел.,Адмиралтейская площадь,0,0.43677380681037903,0,True,
Воронеж,Гостиница Mercure,10,Идеально для прогулок — самый центр. Очень вежливый персонал и современные стильные номера.,Адмиралтейская площадь,1,0.8538294434547424,1,True,
Воронеж,Гостиница Mercure,4,"Проблемы с сантехникой в номере 504. Плохо уходила вода в душе, сантехника не дождались.",Адмиралтейская площадь,0,0.46609070897102356,0,True,
Воронеж,Отель Петровский Пассаж,9,"Классика и роскошь. Понравилось, что в этом же здании есть торговый центр и кинотеатр.",Адмиралтейская площадь,1,0.7734158039093018,1,True,
Воронеж,Отель Петровский Пассаж,5,"В номере пахло сигаретным дымом, хотя отель для некурящих. Завтраки средние.",Адмиралтейская площадь,1,0.5615326166152954,0,False,
Воронеж,Отель Бронзовый кабан,9,"Атмосферное место! Кирпичные стены 19 века. Дизайн просто супер, каждая деталь продумана.",Адмиралтейская площадь,1,0.809527575969696,1,True,
Воронеж,Отель Бронзовый кабан,6,Крутые лестницы без лифта — тяжело с сумками. Номер очень маленький.,Адмиралтейская площадь,1,0.5655463337898254,0,False,
Воронеж,Гостиница O-HARA,10,"Шикарный ирландский паб на первом этаже. Очень атмосферно, живая музыка и вкусное пиво.",Адмиралтейская площадь,1,0.841457724571228,1,True,
Воронеж,Гостиница O-HARA,7,"Из-за паба снизу по вечерам шумно. Если вы с детьми, может быть некомфортно.",Адмиралтейская площадь,0,0.45779505372047424,0,True,
Воронеж,Отель Lõnin,10,"Минимализм и чистота. Очень современно, удобное управление светом. Завтраки приносят в номер.",Адмиралтейская площадь,1,0.8132961392402649,1,True,
Воронеж,Отель Lõnin,8,Сложно найти вход с первого раза. Но внутри всё на высшем уровне.,Адмиралтейская площадь,1,0.5896680355072021,1,True,
Воронеж,Отель Набережная №1,8,"Приятный вид на водохранилище. Тихо, спокойно, чистый воздух.",Адмиралтейская площадь,1,0.8217375874519348,1,True,
Воронеж,Отель Набережная №1,5,Далеко от магазинов и ресторанов. Мебель в номере требует обновления.,Адмиралтейская площадь,0,0.4804612696170807,0,True,
Воронеж,Гостиница Валери Классик,9,"Очень уютно, по-домашнему. Дружелюбный персонал, всегда готовы помочь.",Адмиралтейская площадь,1,0.8087227940559387,1,True,
Воронеж,Гостиница Валери Классик,6,"Тонкие стены, слышно всё, что происходит в коридоре и соседних номерах.",Адмиралтейская площадь,1,0.5232966542243958,0,False,
Воронеж,Farm & Village,10,"Это восторг! Своя ферма, сыроварня, животные. Лучший отдых для семьи. Ресторан выше всяких похвал.",Адмиралтейская площадь,1,0.8179618120193481,1,True,
Воронеж,Farm & Village,9,"Дорого, но оно того стоит. Жаль, что сложно забронировать на выходные.",Адмиралтейская площадь,1,0.6074941754341125,1,True,
Воронеж,Бутик-Отель Ветряков,10,Каждый номер в стиле разных городов мира. Мы жили в 'Париже' — очень романтично.,Адмиралтейская площадь,1,0.7308955192565918,1,True,
Воронеж,Бутик-Отель Ветряков,7,"Отель находится рядом с трассой, за территорией гулять негде.",Адмиралтейская площадь,1,0.5122121572494507,0,False,
Воронеж,Гостиничный комплекс Яр,9,"Огромная территория, лошади, лес. Очень необычный помпезный стиль интерьера.",Адмиралтейская площадь,1,0.8019890189170837,1,True,
Воронеж,Гостиничный комплекс Яр,5,"Сервис застрял в 90-х. Пафоса много, а базовые просьбы выполняют неохотно.",Адмиралтейская площадь,1,0.5062215924263,0,False,
Воронеж,АЗИМУТ Сити Отель Воронеж,9,"После реновации отель стал отличным. Хорошие матрасы, быстрый интернет, центр города.",Адмиралтейская площадь,1,0.7826233506202698,1,True,
Воронеж,АЗИМУТ Сити Отель Воронеж,6,Очень маленькие номера категории стандарт. Вдвоем тесновато.,Адмиралтейская площадь,1,0.59121173620224,0,False,
Воронеж,Отель Degas,10,Замечательный спа-центр. После рабочего дня бассейн и сауна — то что нужно.,Адмиралтейская площадь,1,0.7938595414161682,1,True,
Воронеж,Отель Degas,8,"Завтраки вкусные, но зал для них переполнен в утренние часы.",Адмиралтейская площадь,1,0.7168605923652649,1,True,
Сочи,Санаторий Одиссея,9,"Потрясающий дендропарк на территории, воздух просто целебный. Номера чистые, лечебная база очень мощная. Идеально для спокойного отдыха и оздоровления.",Олимпийский парк,1,0.8591135144233704,1,True,
Сочи,Санаторий Одиссея,7,"Собственный пляж отличный, но до него нужно ехать на трансфере или спускаться. Интерьеры в стиле классического санатория, местами хочется более современного ремонта.",Олимпийский парк,1,0.7658302187919617,0,False,
Сочи,РОДИНА Гранд Отель и СПА,10,"Абсолютная приватность и роскошь. Огромный парк, где не встретишь лишних людей. Сервис уровня 'ультра-люкс', каждый гость здесь — персона номер один.",Олимпийский парк,1,0.754363477230072,1,True,
Сочи,РОДИНА Гранд Отель и СПА,9,"Цена заоблачная, но за эксклюзивность и тишину в самом центре Сочи приходится платить.",Олимпийский парк,1,0.679869532585144,1,True,
Сочи,Отель MANTERA Supreme,10,"Новый флагман Сириуса. Дизайн будущего, технологичные номера, вид на закат над морем — это нечто. Бассейны и сервис на уровне лучших мировых цепочек.",Олимпийский парк,1,0.8289164304733276,1,True,
Сочи,Отель MANTERA Supreme,8,"Отель только открылся, поэтому некоторые процессы еще отлаживаются. На завтраке иногда путают заказы.",Олимпийский парк,1,0.5803108215332031,1,True,
Сочи,Отель Грейс Империал,9,"Отличный выбор в Красной Поляне. Есть спа, трансфер до подъемников. Номера уютные, теплые, очень порадовал подогреваемый бассейн на улице.",Олимпийский парк,1,0.8440855145454407,1,True,
Сочи,Отель Грейс Империал,7,"В сезон очень много детей, в ресторане и спа бывает шумно. Завтраки вкусные, но без изысков.",Олимпийский парк,0,0.48849377036094666,0,True,
Сочи,Swissotel Resort Сочи Камелия,10,"Идеальный семейный отель. Песчаный пляж (редкость для Сочи), отличная анимация и территория. Бассейн с подогревом в форме цветка — восторг.",Олимпийский парк,1,0.8599250316619873,1,True,
Сочи,Swissotel Resort Сочи Камелия,8,В пик сезона цены сильно завышены. В номерах на нижних этажах может быть слышно музыку из ресторана.,Олимпийский парк,1,0.5124313831329346,1,True,
Сочи,Luciano Hotel&SPA Sochi,10,"Лучший спа-центр, который я видела. Программы оздоровления, косметология — всё на высшем уровне. Номера очень эстетичные и чистые.",Олимпийский парк,1,0.8480671048164368,1,True,
Сочи,Luciano Hotel&SPA Sochi,9,"Это место для тихого, размеренного отдыха. Если ищете тусовку — вам не сюда.",Олимпийский парк,1,0.5669991374015808,1,True,
Сочи,Бутик-Отель Усадьба Хлудова,10,"Ощущение, что живешь в музее или императорском дворце. Роскошная мебель, высокие потолки, очень персональный сервис в парке Ривьера.",Олимпийский парк,1,0.8062961101531982,1,True,
Сочи,Бутик-Отель Усадьба Хлудова,8,"Специфический интерьер 'дорого-богато', не всем подойдет такой стиль. Но качество исполнения безупречное.",Олимпийский парк,1,0.8047837018966675,1,True,
Сочи,Отель Арфа Парк,9,Виллы на первой линии в Сириусе. Свой бассейн у виллы — это огромный плюс. Море в 20 метрах. Завтраки очень приличные.,Олимпийский парк,1,0.7647145390510559,1,True,
Сочи,Отель Арфа Парк,6,"По набережной гуляет огромное количество людей, приватности на террасах первого этажа маловато. Уборка не всегда была тщательной.",Олимпийский парк,0,0.48094281554222107,0,True,
Сочи,Mantera Resort & Congress,9,Масштабный отель с огромным количеством бассейнов. Для детей — рай. Очень близко к Олимпийскому парку и Сочи Парку.,Олимпийский парк,1,0.8050187826156616,1,True,
Сочи,Mantera Resort & Congress,7,"Отель очень большой, на завтраках очереди, напоминает большой муравейник. Номера требуют косметического обновления.",Олимпийский парк,1,0.6776911020278931,0,False,
Сочи,Бутик-Отель Верещагинская Дача,9,"Очень уютно и аутентично. Расположение в тени деревьев, тишина, до моря близко. Очень душевный персонал.",Олимпийский парк,1,0.8263970613479614,1,True,
Сочи,Бутик-Отель Верещагинская Дача,8,"Номера небольшие, но очень чистые. Если вы привыкли к сетевому пафосу, здесь может быть слишком просто.",Олимпийский парк,1,0.6894451975822449,1,True,
Сочи,Radisson Collection Paradise Resort & SPA,10,"Огромный спа-комплекс, отличная территория, всё на высшем уровне. Вид на море из каждого номера. Завтраки просто королевские.",Олимпийский парк,1,0.8310023546218872,1,True,
Сочи,Radisson Collection Paradise Resort & SPA,8,Цены в ресторанах на территории очень высокие. В остальном — это эталонный курортный отель.,Олимпийский парк,1,0.8052929043769836,1,True,
Сочи,Отель Pullman Sochi Centre,10,"Лучший бизнес-отель в центре Сочи. Панорамный бассейн на верхнем этаже — это любовь. Сервис четкий, всё по стандартам.",Олимпийский парк,1,0.8662208318710327,1,True,
Сочи,Отель Pullman Sochi Centre,9,"Всё отлично, но пляж через дорогу (общий с Меркюр), что не всегда удобно в разгар сезона.",Олимпийский парк,1,0.6971681714057922,1,True,
Сочи,Villas & SPA by Ostrova,10,"Уединенные виллы в парковой зоне. Тишина, птицы поют, свой бассейн. Завтраки очень изысканные. Очень вежливый персонал.",Олимпийский парк,1,0.8360995054244995,1,True,
Сочи,Villas & SPA by Ostrova,9,Идеально для романтического отдыха. Единственное — до моря нужно немного пройтись через парк.,Олимпийский парк,1,0.7264606356620789,1,True,
Сочи,Марриотт Красная Поляна,9,"Шикарный открытый бассейн с видом на горы. Казино в этом же здании. Номера огромные, кровати супер-удобные.",Олимпийский парк,1,0.8490987420082092,1,True,
Сочи,Марриотт Красная Поляна,7,В отеле всегда очень людно и шумно. На ресепшене часто очереди на заселение. Сервис иногда не справляется с потоком гостей.,Олимпийский парк,0,0.4460409879684448,0,True,
Москва,Отель Москва (синтетика),2,"Ужасный отель! Грязные номера, персонал хамит, завтрак отвратительный.","Кремль, Красная площадь",0,0.95,0,True,True
Москва,Гостиница Москва (синтетика),1,"Худший опыт! Тараканы, сломаный душ, воняет сыростью. Никому не советую!","Кремль, Красная площадь",0,0.98,0,True,True
Санкт-Петербург,Отель Санкт-Петербург (синтетика),2,"Ужасный отель! Грязные номера, персонал хамит, завтрак отвратительный.","Эрмитаж, Исаакиевский собор",0,0.95,0,True,True
Санкт-Петербург,Гостиница Санкт-Петербург (синтетика),1,"Худший опыт! Тараканы, сломаный душ, воняет сыростью. Никому не советую!","Эрмитаж, Исаакиевский собор",0,0.98,0,True,True
Казань,Отель Казань (синтетика),2,"Ужасный отель! Грязные номера, персонал хамит, завтрак отвратительный.",Казанский Кремль,0,0.95,0,True,True
Казань,Гостиница Казань (синтетика),1,"Худший опыт! Тараканы, сломаный душ, воняет сыростью. Никому не советую!",Казанский Кремль,0,0.98,0,True,True
Иркутск,Отель Иркутск (синтетика),2,"Ужасный отель! Грязные номера, персонал хамит, завтрак отвратительный.",озеро Байкал,0,0.95,0,True,True
Иркутск,Гостиница Иркутск (синтетика),1,"Худший опыт! Тараканы, сломаный душ, воняет сыростью. Никому не советую!",озеро Байкал,0,0.98,0,True,True
Красноярск,Отель Красноярск (синтетика),2,"Ужасный отель! Грязные номера, персонал хамит, завтрак отвратительный.",заповедник Столбы,0,0.95,0,True,True
Красноярск,Гостиница Красноярск (синтетика),1,"Худший опыт! Тараканы, сломаный душ, воняет сыростью. Никому не советую!",заповедник Столбы,0,0.98,0,True,True
Нижний Новгород,Отель Нижний Новгород (синтетика),2,"Ужасный отель! Грязные номера, персонал хамит, завтрак отвратительный.",Нижегородский Кремль,0,0.95,0,True,True
Нижний Новгород,Гостиница Нижний Новгород (синтетика),1,"Худший опыт! Тараканы, сломаный душ, воняет сыростью. Никому не советую!",Нижегородский Кремль,0,0.98,0,True,True
Новосибирск,Отель Новосибирск (синтетика),2,"Ужасный отель! Грязные номера, персонал хамит, завтрак отвратительный.",Оперный театр,0,0.95,0,True,True
Новосибирск,Гостиница Новосибирск (синтетика),1,"Худший опыт! Тараканы, сломаный душ, воняет сыростью. Никому не советую!",Оперный театр,0,0.98,0,True,True
Пермь,Отель Пермь (синтетика),2,"Ужасный отель! Грязные номера, персонал хамит, завтрак отвратительный.",набережная Камы,0,0.95,0,True,True
Пермь,Гостиница Пермь (синтетика),1,"Худший опыт! Тараканы, сломаный душ, воняет сыростью. Никому не советую!",набережная Камы,0,0.98,0,True,True
Петропавловск-Камчатский,Отель Петропавловск-Камчатский (синтетика),2,"Ужасный отель! Грязные номера, персонал хамит, завтрак отвратительный.",вулканы Камчатки,0,0.95,0,True,True
Петропавловск-Камчатский,Гостиница Петропавловск-Камчатский (синтетика),1,"Худший опыт! Тараканы, сломаный душ, воняет сыростью. Никому не советую!",вулканы Камчатки,0,0.98,0,True,True
Владимир,Отель Владимир (синтетика),2,"Ужасный отель! Грязные номера, персонал хамит, завтрак отвратительный.",Золотые ворота,0,0.95,0,True,True
Владимир,Гостиница Владимир (синтетика),1,"Худший опыт! Тараканы, сломаный душ, воняет сыростью. Никому не советую!",Золотые ворота,0,0.98,0,True,True
